Workbook

Sheet ticket
A1: ticket_id | B1: created_at | C1: closed_at | D1: outlet_id | E1: cms_id
A2: isu-sjd-457 | B2: 2021-08-19 16:45:43 | C2: 2021-08-22 12:33:32 | D2: wrqy-juv-978 | E2: vew-iuvd-12
A3: qer-fal-092 | B3: 2021-08-21 11:09:22 | C3: 2021-08-21 17:13:45 | D3: 8woh-k3u-23b | E3: cms-abc-001
A4: tkr-mnp-113 | B4: 2021-08-22 09:00:00 | C4: 2021-08-22 09:45:10 | D4: wrqy-juv-978 | E4: vew-iuvd-12
A5: bst-xyz-200 | B5: 2021-08-23 14:30:00 | C5: 2021-08-23 14:55:22 | D5: 8woh-k3u-23b | E5: cms-def-002
A6: clt-pqr-301 | B6: 2021-08-24 08:10:00 | C6: 2021-08-25 10:20:30 | D6: wrqy-juv-978 | E6: cms-abc-001
A7: dlt-rst-402 | B7: 2021-08-24 11:00:00 | C7: 2021-08-24 11:50:00 | D7: 8woh-k3u-23b | E7: vew-iuvd-12
A8: elt-uvw-503 | B8: 2021-08-25 13:00:00 | C8: 2021-08-26 09:00:00 | D8: wrqy-juv-978 | E8: cms-def-002
A9: flt-xyz-604 | B9: 2021-08-25 15:30:00 | C9: 2021-08-25 16:00:00 | D9: 8woh-k3u-23b | E9: cms-abc-001
A10: glt-abc-705 | B10: 2021-08-26 07:45:00 | C10: 2021-08-26 08:30:00 | D10: wrqy-juv-978 | E10: vew-iuvd-12
A11: hlt-def-806 | B11: 2021-08-27 10:00:00 | C11: 2021-08-27 10:30:00 | D11: 8woh-k3u-23b | E11: cms-def-002

Sheet feedbacks
A1: cms_id | B1: feedback_at | C1: feedback_rating | D1: ticket_created_at
A2: vew-iuvd-12 | B2: 2021-08-21 13:26:48 | C2: 3 | D2: =IFERROR(INDEX(ticket!$B:$B,MATCH(A2,ticket!$E:$E,0)),"Not Found")
A3: cms-abc-001 | B3: 2021-08-22 10:00:00 | C3: 5 | D3: =IFERROR(INDEX(ticket!$B:$B,MATCH(A3,ticket!$E:$E,0)),"Not Found")
A4: cms-def-002 | B4: 2021-08-23 16:00:00 | C4: 4 | D4: =IFERROR(INDEX(ticket!$B:$B,MATCH(A4,ticket!$E:$E,0)),"Not Found")
A5: vew-iuvd-12 | B5: 2021-08-23 08:30:00 | C5: 2 | D5: =IFERROR(INDEX(ticket!$B:$B,MATCH(A5,ticket!$E:$E,0)),"Not Found")
A6: cms-abc-001 | B6: 2021-08-25 12:00:00 | C6: 5 | D6: =IFERROR(INDEX(ticket!$B:$B,MATCH(A6,ticket!$E:$E,0)),"Not Found")
A7: vew-iuvd-12 | B7: 2021-08-26 09:00:00 | C7: 3 | D7: =IFERROR(INDEX(ticket!$B:$B,MATCH(A7,ticket!$E:$E,0)),"Not Found")
A8: cms-def-002 | B8: 2021-08-26 11:00:00 | C8: 4 | D8: =IFERROR(INDEX(ticket!$B:$B,MATCH(A8,ticket!$E:$E,0)),"Not Found")
A9: cms-abc-001 | B9: 2021-08-26 17:00:00 | C9: 5 | D9: =IFERROR(INDEX(ticket!$B:$B,MATCH(A9,ticket!$E:$E,0)),"Not Found")
A10: vew-iuvd-12 | B10: 2021-08-27 08:00:00 | C10: 1 | D10: =IFERROR(INDEX(ticket!$B:$B,MATCH(A10,ticket!$E:$E,0)),"Not Found")
A11: cms-def-002 | B11: 2021-08-27 11:30:00 | C11: 4 | D11: =IFERROR(INDEX(ticket!$B:$B,MATCH(A11,ticket!$E:$E,0)),"Not Found")

Sheet Analysis
A1: Ticket Analysis – Same Day & Same Hour Closure
A2: Q2: Count of tickets created AND closed on the same day / same hour, grouped by outlet_id
A3: ticket_id | B3: created_at | C3: closed_at | D3: outlet_id | E3: cms_id | F3: Same Day? | G3: Same Hour? | H3: Both Same?
A4: =ticket!A2 | B4: =ticket!B2 | C4: =ticket!C2 | D4: =ticket!D2 | E4: =ticket!E2 | F4: =IF(INT(B4)=INT(C4),"Yes","No") | G4: =IF(AND(INT(B4)=INT(C4),HOUR(B4)=HOUR(C4)),"Yes","No") | H4: =IF(AND(F4="Yes",G4="Yes"),"Yes","No")
A5: =ticket!A3 | B5: =ticket!B3 | C5: =ticket!C3 | D5: =ticket!D3 | E5: =ticket!E3 | F5: =IF(INT(B5)=INT(C5),"Yes","No") | G5: =IF(AND(INT(B5)=INT(C5),HOUR(B5)=HOUR(C5)),"Yes","No") | H5: =IF(AND(F5="Yes",G5="Yes"),"Yes","No")
A6: =ticket!A4 | B6: =ticket!B4 | C6: =ticket!C4 | D6: =ticket!D4 | E6: =ticket!E4 | F6: =IF(INT(B6)=INT(C6),"Yes","No") | G6: =IF(AND(INT(B6)=INT(C6),HOUR(B6)=HOUR(C6)),"Yes","No") | H6: =IF(AND(F6="Yes",G6="Yes"),"Yes","No")
A7: =ticket!A5 | B7: =ticket!B5 | C7: =ticket!C5 | D7: =ticket!D5 | E7: =ticket!E5 | F7: =IF(INT(B7)=INT(C7),"Yes","No") | G7: =IF(AND(INT(B7)=INT(C7),HOUR(B7)=HOUR(C7)),"Yes","No") | H7: =IF(AND(F7="Yes",G7="Yes"),"Yes","No")
A8: =ticket!A6 | B8: =ticket!B6 | C8: =ticket!C6 | D8: =ticket!D6 | E8: =ticket!E6 | F8: =IF(INT(B8)=INT(C8),"Yes","No") | G8: =IF(AND(INT(B8)=INT(C8),HOUR(B8)=HOUR(C8)),"Yes","No") | H8: =IF(AND(F8="Yes",G8="Yes"),"Yes","No")
A9: =ticket!A7 | B9: =ticket!B7 | C9: =ticket!C7 | D9: =ticket!D7 | E9: =ticket!E7 | F9: =IF(INT(B9)=INT(C9),"Yes","No") | G9: =IF(AND(INT(B9)=INT(C9),HOUR(B9)=HOUR(C9)),"Yes","No") | H9: =IF(AND(F9="Yes",G9="Yes"),"Yes","No")
A10: =ticket!A8 | B10: =ticket!B8 | C10: =ticket!C8 | D10: =ticket!D8 | E10: =ticket!E8 | F10: =IF(INT(B10)=INT(C10),"Yes","No") | G10: =IF(AND(INT(B10)=INT(C10),HOUR(B10)=HOUR(C10)),"Yes","No") | H10: =IF(AND(F10="Yes",G10="Yes"),"Yes","No")
A11: =ticket!A9 | B11: =ticket!B9 | C11: =ticket!C9 | D11: =ticket!D9 | E11: =ticket!E9 | F11: =IF(INT(B11)=INT(C11),"Yes","No") | G11: =IF(AND(INT(B11)=INT(C11),HOUR(B11)=HOUR(C11)),"Yes","No") | H11: =IF(AND(F11="Yes",G11="Yes"),"Yes","No")
A12: =ticket!A10 | B12: =ticket!B10 | C12: =ticket!C10 | D12: =ticket!D10 | E12: =ticket!E10 | F12: =IF(INT(B12)=INT(C12),"Yes","No") | G12: =IF(AND(INT(B12)=INT(C12),HOUR(B12)=HOUR(C12)),"Yes","No") | H12: =IF(AND(F12="Yes",G12="Yes"),"Yes","No")
A13: =ticket!A11 | B13: =ticket!B11 | C13: =ticket!C11 | D13: =ticket!D11 | E13: =ticket!E11 | F13: =IF(INT(B13)=INT(C13),"Yes","No") | G13: =IF(AND(INT(B13)=INT(C13),HOUR(B13)=HOUR(C13)),"Yes","No") | H13: =IF(AND(F13="Yes",G13="Yes"),"Yes","No")
A16: Summary: Outlet-wise count of same-day / same-hour closures
A17: outlet_id | B17: Total Tickets | C17: Same Day (count) | D17: Same Hour (count)
A18: wrqy-juv-978 | B18: 5 | C18: =IF(F4="Yes",1,0)+IF(F6="Yes",1,0)+IF(F9="Yes",1,0)+IF(F11="Yes",1,0)+IF(F13="Yes",1,0) | D18: =IF(G4="Yes",1,0)+IF(G6="Yes",1,0)+IF(G9="Yes",1,0)+IF(G11="Yes",1,0)+IF(G13="Yes",1,0)
A19: 8woh-k3u-23b | B19: 5 | C19: =IF(F5="Yes",1,0)+IF(F7="Yes",1,0)+IF(F8="Yes",1,0)+IF(F10="Yes",1,0)+IF(F12="Yes",1,0) | D19: =IF(G5="Yes",1,0)+IF(G7="Yes",1,0)+IF(G8="Yes",1,0)+IF(G10="Yes",1,0)+IF(G12="Yes",1,0)
A22: Formula Reference
A23: Same Day? | B23: =IF(INT(created_at) = INT(closed_at), "Yes", "No") | E23: Compares the date portion (INT strips the time part)
A24: Same Hour? | B24: =IF(AND(INT(created_at)=INT(closed_at), HOUR(created_at)=HOUR(closed_at)), "Yes", "No") | E24: Checks both: same calendar date AND same hour value
A25: ticket_created_at (feedbacks sheet) | B25: =IFERROR(INDEX(ticket!$B:$B, MATCH(A2, ticket!$E:$E, 0)), "Not Found") | E25: INDEX-MATCH: looks up cms_id in ticket!E, returns created_at from ticket!B
